{
  "sharedTools": {
    "createTool": {
      "method": "POST",
      "url": "http://localhost:8080/api/shared-tools",
      "headers": {
        "Content-Type": "application/json"
      },
      "body": {
        "toolName": "Arduino Kit",
        "description": "Complete Arduino starter kit with sensors and breadboard",
        "imageUrl": "https://example.com/images/arduino-kit.jpg",
        "ownerStudentId": 2400378
      }
    },
    "getAllTools": {
      "method": "GET",
      "url": "http://localhost:8080/api/shared-tools"
    },
    "getToolById": {
      "method": "GET",
      "url": "http://localhost:8080/api/shared-tools/1"
    },
    "getToolsByOwner": {
      "method": "GET",
      "url": "http://localhost:8080/api/shared-tools/owner/2400378"
    },
    "searchTools": {
      "method": "GET",
      "url": "http://localhost:8080/api/shared-tools/search?keyword=arduino"
    },
    "updateTool": {
      "method": "PUT",
      "url": "http://localhost:8080/api/shared-tools/1",
      "headers": {
        "Content-Type": "application/json"
      },
      "body": {
        "toolName": "Arduino Kit Pro",
        "description": "Updated: Advanced Arduino kit",
        "imageUrl": "https://example.com/images/arduino-pro.jpg",
        "ownerStudentId": 2400378
      }
    },
    "deleteTool": {
      "method": "DELETE",
      "url": "http://localhost:8080/api/shared-tools/1?ownerStudentId=2400378"
    }
  },
  "reservations": {
    "createReservation": {
      "method": "POST",
      "url": "http://localhost:8080/api/reservations",
      "headers": {
        "Content-Type": "application/json"
      },
      "body": {
        "reservationId": 1,
        "lab": {
          "labId": 1
        },
        "student": {
          "studentId": 2400378
        },
        "date": "2025-12-15",
        "time": "10:00:00",
        "duration": 120,
        "purpose": "Project work",
        "reservationType": "Individual",
        "teamSize": 1
      }
    },
    "checkAvailability": {
      "method": "GET",
      "url": "http://localhost:8080/api/reservations/check-availability?labId=1&date=2025-12-15&startTime=10:00:00&endTime=12:00:00"
    },
    "getReservationsByLab": {
      "method": "GET",
      "url": "http://localhost:8080/api/reservations/lab/1"
    },
    "getReservationsByStudent": {
      "method": "GET",
      "url": "http://localhost:8080/api/reservations/student/2400378"
    }
  },
  "students": {
    "getStudentsByLabReservation": {
      "method": "GET",
      "url": "http://localhost:8080/api/students"
    },
    "createStudent": {
      "method": "POST",
      "url": "http://localhost:8080/api/students",
      "headers": {
        "Content-Type": "application/json"
      },
      "body": {
        "studentId": 9999999,
        "name": "Test Student",
        "email": "test@badyauni.edu.eg"
      }
    }
  }
}

